<?xml version="1.0" ?>
<AnimData>
	<ShadowSize>1</ShadowSize>
	<Anims>
		<Anim>
			<Name>Walk</Name>
			<Index>0</Index>
			<FrameWidth>32</FrameWidth>
			<FrameHeight>40</FrameHeight>
			<Durations>
				<Duration>6</Duration>
				<Duration>4</Duration>
				<Duration>4</Duration>
				<Duration>4</Duration>
				<Duration>6</Duration>
			</Durations>
		</Anim>
		<Anim>
			<Name>Attack</Name>
			<Index>1</Index>
			<FrameWidth>72</FrameWidth>
			<FrameHeight>72</FrameHeight>
			<RushFrame>2</RushFrame>
			<HitFrame>5</HitFrame>
			<ReturnFrame>7</ReturnFrame>
			<Durations>
				<Duration>4</Duration>
				<Duration>2</Duration>
				<Duration>6</Duration>
				<Duration>1</Duration>
				<Duration>1</Duration>
				<Duration>2</Duration>
				<Duration>2</Duration>
				<Duration>2</Duration>
				<Duration>2</Duration>
				<Duration>2</Duration>
				<Duration>2</Duration>
			</Durations>
		</Anim>
		<Anim>
			<Name>Strike</Name>
			<Index>2</Index>
			<CopyOf>Attack</CopyOf>
		</Anim>
		<Anim>
			<Name>Shoot</Name>
			<Index>3</Index>
			<FrameWidth>40</FrameWidth>
			<FrameHeight>40</FrameHeight>
			<HitFrame>1</HitFrame>
			<ReturnFrame>4</ReturnFrame>
			<Durations>
				<Duration>2</Duration>
				<Duration>6</Duration>
				<Duration>1</Duration>
				<Duration>2</Duration>
				<Duration>2</Duration>
				<Duration>2</Duration>
				<Duration>2</Duration>
				<Duration>2</Duration>
				<Duration>2</Duration>
				<Duration>2</Duration>
				<Duration>2</Duration>
				<Duration>2</Duration>
				<Duration>2</Duration>
			</Durations>
		</Anim>
		<Anim>
			<Name>Appeal</Name>
			<CopyOf>RearUp</CopyOf>
		</Anim>
		<Anim>
			<Name>SpAttack</Name>
			<CopyOf>RearUp</CopyOf>
		</Anim>
		<Anim>
			<Name>RearUp</Name>
			<Index>4</Index>
			<FrameWidth>32</FrameWidth>
			<FrameHeight>40</FrameHeight>
			<HitFrame>6</HitFrame>
			<ReturnFrame>12</ReturnFrame>
			<Durations>
				<Duration>2</Duration>
				<Duration>2</Duration>
				<Duration>3</Duration>
				<Duration>2</Duration>
				<Duration>2</Duration>
				<Duration>2</Duration>
				<Duration>3</Duration>
				<Duration>2</Duration>
				<Duration>3</Duration>
				<Duration>2</Duration>
				<Duration>3</Duration>
				<Duration>2</Duration>
				<Duration>2</Duration>
			</Durations>
		</Anim>
		<Anim>
			<Name>Sleep</Name>
			<Index>5</Index>
			<FrameWidth>24</FrameWidth>
			<FrameHeight>24</FrameHeight>
			<Durations>
				<Duration>30</Duration>
				<Duration>35</Duration>
			</Durations>
		</Anim>
		<Anim>
			<Name>Hurt</Name>
			<Index>6</Index>
			<FrameWidth>40</FrameWidth>
			<FrameHeight>56</FrameHeight>
			<Durations>
				<Duration>2</Duration>
				<Duration>8</Duration>
			</Durations>
		</Anim>
		<Anim>
			<Name>Idle</Name>
			<Index>7</Index>
			<FrameWidth>32</FrameWidth>
			<FrameHeight>32</FrameHeight>
			<Durations>
				<Duration>40</Duration>
				<Duration>12</Duration>
				<Duration>20</Duration>
				<Duration>12</Duration>
			</Durations>
		</Anim>
		<Anim>
			<Name>Swing</Name>
			<Index>8</Index>
			<FrameWidth>72</FrameWidth>
			<FrameHeight>80</FrameHeight>
			<HitFrame>5</HitFrame>
			<ReturnFrame>5</ReturnFrame>
			<Durations>
				<Duration>2</Duration>
				<Duration>1</Duration>
				<Duration>2</Duration>
				<Duration>2</Duration>
				<Duration>3</Duration>
				<Duration>2</Duration>
				<Duration>2</Duration>
				<Duration>1</Duration>
				<Duration>1</Duration>
			</Durations>
		</Anim>
		<Anim>
			<Name>Double</Name>
			<Index>9</Index>
			<FrameWidth>48</FrameWidth>
			<FrameHeight>56</FrameHeight>
			<Durations>
				<Duration>2</Duration>
				<Duration>2</Duration>
				<Duration>2</Duration>
				<Duration>2</Duration>
				<Duration>2</Duration>
				<Duration>2</Duration>
				<Duration>3</Duration>
				<Duration>3</Duration>
				<Duration>3</Duration>
				<Duration>2</Duration>
				<Duration>3</Duration>
				<Duration>2</Duration>
				<Duration>2</Duration>
				<Duration>2</Duration>
				<Duration>2</Duration>
				<Duration>2</Duration>
			</Durations>
		</Anim>
		<Anim>
			<Name>Hop</Name>
			<Index>10</Index>
			<FrameWidth>24</FrameWidth>
			<FrameHeight>80</FrameHeight>
			<HitFrame>9</HitFrame>
			<Durations>
				<Duration>2</Duration>
				<Duration>1</Duration>
				<Duration>2</Duration>
				<Duration>3</Duration>
				<Duration>4</Duration>
				<Duration>4</Duration>
				<Duration>3</Duration>
				<Duration>2</Duration>
				<Duration>1</Duration>
				<Duration>2</Duration>
			</Durations>
		</Anim>
		<Anim>
			<Name>Charge</Name>
			<Index>11</Index>
			<FrameWidth>32</FrameWidth>
			<FrameHeight>32</FrameHeight>
			<HitFrame>5</HitFrame>
			<ReturnFrame>9</ReturnFrame>
			<Durations>
				<Duration>2</Duration>
				<Duration>2</Duration>
				<Duration>2</Duration>
				<Duration>2</Duration>
				<Duration>2</Duration>
				<Duration>2</Duration>
				<Duration>2</Duration>
				<Duration>2</Duration>
				<Duration>2</Duration>
				<Duration>2</Duration>
			</Durations>
		</Anim>
		<Anim>
			<Name>Rotate</Name>
			<Index>12</Index>
			<FrameWidth>24</FrameWidth>
			<FrameHeight>32</FrameHeight>
			<HitFrame>8</HitFrame>
			<Durations>
				<Duration>2</Duration>
				<Duration>2</Duration>
				<Duration>2</Duration>
				<Duration>2</Duration>
				<Duration>2</Duration>
				<Duration>2</Duration>
				<Duration>2</Duration>
				<Duration>2</Duration>
				<Duration>2</Duration>
			</Durations>
		</Anim>
		<Anim>
			<Name>EventSleep</Name>
			<Index>13</Index>
			<FrameWidth>24</FrameWidth>
			<FrameHeight>24</FrameHeight>
			<Durations>
				<Duration>30</Duration>
				<Duration>35</Duration>
			</Durations>
		</Anim>
		<Anim>
			<Name>Wake</Name>
			<Index>14</Index>
			<FrameWidth>32</FrameWidth>
			<FrameHeight>32</FrameHeight>
			<Durations>
				<Duration>8</Duration>
				<Duration>4</Duration>
				<Duration>14</Duration>
				<Duration>8</Duration>
				<Duration>4</Duration>
				<Duration>4</Duration>
			</Durations>
		</Anim>
		<Anim>
			<Name>Eat</Name>
			<Index>15</Index>
			<FrameWidth>24</FrameWidth>
			<FrameHeight>24</FrameHeight>
			<Durations>
				<Duration>6</Duration>
				<Duration>8</Duration>
				<Duration>6</Duration>
				<Duration>8</Duration>
			</Durations>
		</Anim>
		<Anim>
			<Name>Tumble</Name>
			<Index>16</Index>
			<FrameWidth>24</FrameWidth>
			<FrameHeight>40</FrameHeight>
			<Durations>
				<Duration>3</Duration>
				<Duration>3</Duration>
				<Duration>3</Duration>
				<Duration>3</Duration>
				<Duration>3</Duration>
				<Duration>3</Duration>
				<Duration>3</Duration>
				<Duration>3</Duration>
			</Durations>
		</Anim>
		<Anim>
			<Name>Pose</Name>
			<Index>17</Index>
			<FrameWidth>24</FrameWidth>
			<FrameHeight>40</FrameHeight>
			<Durations>
				<Duration>8</Duration>
				<Duration>1</Duration>
				<Duration>3</Duration>
				<Duration>2</Duration>
				<Duration>8</Duration>
			</Durations>
		</Anim>
		<Anim>
			<Name>Pull</Name>
			<Index>18</Index>
			<FrameWidth>32</FrameWidth>
			<FrameHeight>32</FrameHeight>
			<Durations>
				<Duration>10</Duration>
				<Duration>12</Duration>
				<Duration>10</Duration>
				<Duration>12</Duration>
				<Duration>10</Duration>
				<Duration>12</Duration>
				<Duration>10</Duration>
			</Durations>
		</Anim>
		<Anim>
			<Name>Pain</Name>
			<Index>19</Index>
			<FrameWidth>32</FrameWidth>
			<FrameHeight>40</FrameHeight>
			<Durations>
				<Duration>4</Duration>
				<Duration>1</Duration>
				<Duration>1</Duration>
				<Duration>1</Duration>
				<Duration>2</Duration>
				<Duration>1</Duration>
				<Duration>4</Duration>
				<Duration>2</Duration>
				<Duration>2</Duration>
				<Duration>2</Duration>
				<Duration>2</Duration>
				<Duration>2</Duration>
			</Durations>
		</Anim>
		<Anim>
			<Name>Float</Name>
			<Index>20</Index>
			<FrameWidth>24</FrameWidth>
			<FrameHeight>24</FrameHeight>
			<Durations>
				<Duration>9</Duration>
				<Duration>18</Duration>
				<Duration>9</Duration>
				<Duration>14</Duration>
			</Durations>
		</Anim>
		<Anim>
			<Name>DeepBreath</Name>
			<Index>21</Index>
			<FrameWidth>24</FrameWidth>
			<FrameHeight>32</FrameHeight>
			<Durations>
				<Duration>12</Duration>
				<Duration>6</Duration>
				<Duration>6</Duration>
				<Duration>6</Duration>
				<Duration>6</Duration>
				<Duration>6</Duration>
				<Duration>6</Duration>
				<Duration>10</Duration>
				<Duration>4</Duration>
			</Durations>
		</Anim>
		<Anim>
			<Name>Nod</Name>
			<Index>22</Index>
			<FrameWidth>24</FrameWidth>
			<FrameHeight>32</FrameHeight>
			<Durations>
				<Duration>6</Duration>
				<Duration>8</Duration>
				<Duration>6</Duration>
			</Durations>
		</Anim>
		<Anim>
			<Name>Sit</Name>
			<Index>23</Index>
			<FrameWidth>24</FrameWidth>
			<FrameHeight>32</FrameHeight>
			<Durations>
				<Duration>8</Duration>
				<Duration>8</Duration>
				<Duration>8</Duration>
			</Durations>
		</Anim>
		<Anim>
			<Name>LookUp</Name>
			<Index>24</Index>
			<FrameWidth>24</FrameWidth>
			<FrameHeight>32</FrameHeight>
			<Durations>
				<Duration>6</Duration>
				<Duration>6</Duration>
				<Duration>6</Duration>
			</Durations>
		</Anim>
		<Anim>
			<Name>Sink</Name>
			<Index>25</Index>
			<FrameWidth>24</FrameWidth>
			<FrameHeight>32</FrameHeight>
			<Durations>
				<Duration>6</Duration>
				<Duration>6</Duration>
				<Duration>6</Duration>
				<Duration>6</Duration>
				<Duration>6</Duration>
				<Duration>6</Duration>
				<Duration>6</Duration>
				<Duration>6</Duration>
				<Duration>6</Duration>
				<Duration>6</Duration>
				<Duration>6</Duration>
				<Duration>6</Duration>
			</Durations>
		</Anim>
		<Anim>
			<Name>Trip</Name>
			<Index>26</Index>
			<FrameWidth>32</FrameWidth>
			<FrameHeight>32</FrameHeight>
			<Durations>
				<Duration>4</Duration>
				<Duration>6</Duration>
				<Duration>4</Duration>
				<Duration>4</Duration>
				<Duration>4</Duration>
			</Durations>
		</Anim>
		<Anim>
			<Name>Laying</Name>
			<Index>27</Index>
			<FrameWidth>24</FrameWidth>
			<FrameHeight>16</FrameHeight>
			<Durations>
				<Duration>12</Duration>
			</Durations>
		</Anim>
		<Anim>
			<Name>LeapForth</Name>
			<Index>28</Index>
			<FrameWidth>24</FrameWidth>
			<FrameHeight>80</FrameHeight>
			<Durations>
				<Duration>6</Duration>
				<Duration>1</Duration>
				<Duration>1</Duration>
				<Duration>2</Duration>
				<Duration>2</Duration>
				<Duration>2</Duration>
			</Durations>
		</Anim>
		<Anim>
			<Name>Head</Name>
			<Index>29</Index>
			<FrameWidth>24</FrameWidth>
			<FrameHeight>40</FrameHeight>
			<Durations>
				<Duration>4</Duration>
			</Durations>
		</Anim>
		<Anim>
			<Name>Cringe</Name>
			<Index>30</Index>
			<FrameWidth>24</FrameWidth>
			<FrameHeight>56</FrameHeight>
			<Durations>
				<Duration>2</Duration>
				<Duration>8</Duration>
			</Durations>
		</Anim>
		<Anim>
			<Name>LostBalance</Name>
			<Index>31</Index>
			<FrameWidth>24</FrameWidth>
			<FrameHeight>32</FrameHeight>
			<Durations>
				<Duration>8</Duration>
				<Duration>8</Duration>
			</Durations>
		</Anim>
		<Anim>
			<Name>TumbleBack</Name>
			<Index>32</Index>
			<FrameWidth>24</FrameWidth>
			<FrameHeight>32</FrameHeight>
			<Durations>
				<Duration>3</Duration>
				<Duration>3</Duration>
				<Duration>3</Duration>
				<Duration>3</Duration>
				<Duration>3</Duration>
				<Duration>3</Duration>
				<Duration>3</Duration>
				<Duration>3</Duration>
				<Duration>3</Duration>
				<Duration>3</Duration>
			</Durations>
		</Anim>
		<Anim>
			<Name>Faint</Name>
			<Index>33</Index>
			<FrameWidth>32</FrameWidth>
			<FrameHeight>32</FrameHeight>
			<Durations>
				<Duration>8</Duration>
				<Duration>12</Duration>
				<Duration>4</Duration>
				<Duration>10</Duration>
			</Durations>
		</Anim>
		<Anim>
			<Name>HitGround</Name>
			<Index>34</Index>
			<FrameWidth>32</FrameWidth>
			<FrameHeight>40</FrameHeight>
			<Durations>
				<Duration>4</Duration>
				<Duration>4</Duration>
				<Duration>4</Duration>
				<Duration>4</Duration>
				<Duration>4</Duration>
				<Duration>6</Duration>
				<Duration>4</Duration>
				<Duration>4</Duration>
			</Durations>
		</Anim>
	</Anims>
</AnimData>
